input,output
"What is CI/CD in DevOps?","CI/CD stands for Continuous Integration and Continuous Deployment, which are practices in DevOps to automate the integration and deployment of code."
"Explain the concept of Infrastructure as Code.","Infrastructure as Code is a practice where the infrastructure is provisioned and managed using code and software development techniques, such as version control and continuous integration."
"Describe the benefits of using microservices in DevOps.","Microservices architecture in DevOps allows for smaller, manageable units of the application to be developed and deployed independently, enhancing agility and scalability."
"Define containerization and its use in DevOps.","Containerization is the packaging of software code with all its dependencies, which ensures that it runs uniformly and consistently on any infrastructure. It's widely used in DevOps for ease of deployment and scaling."
"What role does monitoring play in DevOps?","Monitoring in DevOps provides insights into the applications' performance and health, helping teams to proactively address issues and improve the systems."
"How do version control systems contribute to DevOps?","Version control systems are fundamental in DevOps, enabling team collaboration, code merging, and tracking changes over time, thereby ensuring consistency and stability."
"What is CI/CD?","CI/CD stands for Continuous Integration/Continuous Deployment, which are principles that allow DevOps teams to deliver code changes more frequently and reliably.,Continuous Integration is a coding philosophy and set of practices that drive development teams to implement small changes and check in code to version control repositories frequently. Continuous Deployment follows the testing that happens during Continuous Integration and pushes changes to a staging or production system.,CI/CD, Automation"
"What is containerization in DevOps? Containerization involves encapsulating an application in a container with its own operating environment. It is used across different stages of DevOps practices to create a consistent, isolated, and reproducible environment for applications, facilitating faster and more secure deployment. Tags: Containerization, Docker, Kubernetes","Containerization in DevOps is the process of encapsulating an application within a container with its own environment, promoting consistent, isolated, and reproducible deployments. It allows developers to create and deploy applications more efficiently and with enhanced security."
"What is Infrastructure as Code (IaC)? Infrastructure as Code is a foundational practice in DevOps, which focuses on the automation and management of computing infrastructure using machine-readable definition files. It's a method that has emerged to tackle environment drift in release pipelines. With IaC, resources are codified, allowing for swift deployment in a standardized manner, easy updates with the latest patches, and replication in a consistent way. Tags: IaC, Automation, Cloud","Infrastructure as Code, or IaC, is a critical DevOps practice where computing infrastructure is managed and provisioned through code instead of manual processes, enhancing deployment efficiency and consistency."
"Explain the concept of a 'pipeline' in DevOps.","A 'pipeline' in DevOps is a set of automated processes that allows developers and DevOps professionals to reliably and efficiently compile, build, and deploy their code to their production compute platforms.,A typical DevOps pipeline includes stages like building the code, running tests (CI), and deploying to production (CD). Each stage generates an artifact that moves to the next stage in the pipeline.,CI/CD, Pipeline, Automation"
"What are the benefits of microservices in DevOps?","Microservices architecture allows DevOps teams to develop, deploy, and scale their applications independently. It improves modularity and makes the application easier to understand, develop, and test.,Its beneficial because it allows quick, reliable, and frequent iteration of individual components without compromising the integrity of an application. Microservices also enable better resource utilization and are inherently resilient.,Microservices, Architecture, Scalability"
"Explain the concept of a 'pipeline' in DevOps. In DevOps, a pipeline refers to the automated processes that enable efficient and reliable code compilation, build, and deployment to production. It involves stages like code build, CI tests, and CD deployment, with each stage creating artifacts that move to the next stage. Tags: CI/CD, Pipeline, Automation","A DevOps 'pipeline' is an automated process chain for compiling, building, and deploying code, incorporating stages for building, testing, and deployment, which streamline and track progress to production."
"Explain the concept of a 'pipeline' in DevOps. A pipeline in DevOps is composed of various stages such as code building, testing, and deployment. Each stage is automated and designed to flow into the next, creating a streamlined process for developing and deploying software. This approach is crucial for continuous integration and deployment practices, ensuring that changes are efficiently and reliably integrated into production. Tags: CI/CD, Pipeline, Automation","A DevOps 'pipeline' is an automated series of stages for compiling, testing, and deploying code, facilitating continuous integration and deployment."
"What are the benefits of microservices in DevOps? Microservices in DevOps enable the development, deployment, and scaling of applications to be handled independently. This architectural style enhances an application's modularity and makes it easier to understand, develop, and test. It supports rapid and reliable iteration of individual components, optimizing resource utilization and maintaining the integrity of the application as a whole. Tags: Microservices, Architecture, Scalability","Microservices in DevOps offer improved modularity and independent scaling, leading to efficient and reliable iteration of application components while optimizing resource use."
"What is DevOps automation? DevOps automation involves the use of technology to automate tasks in the software development and delivery process. By automating tasks like code integration and production deployment, teams can reduce manual efforts and the potential for errors. This automation is central to DevOps practices, ensuring operational efficiency and reliability throughout the development lifecycle. Tags: DevOps, Automation, Efficiency","DevOps automation streamlines the software development lifecycle by automating repetitive tasks, enhancing efficiency, and reducing errors."
"What is DevOps automation?","DevOps automation refers to the process of automating manual tasks in the software development and delivery process, aiming to streamline operations.,Automation covers various stages of development, from integrating code changes to deploying to production, reducing manual effort and errors.,DevOps, Automation, Efficiency"
"DevOps automation refers to automating manual tasks in the software development and delivery process to streamline operations. It involves various stages of development, from integrating code changes to deploying to production, thereby reducing manual effort and errors. Tags: DevOps, Automation, Efficiency","DevOps automation streamlines software development by automating tasks, enhancing operational efficiency, and reducing errors."
"Monitoring in DevOps involves tracking application performance and system health to ensure deployed software operates as expected. Effective monitoring offers insights into application behavior, resource usage, and user experience, which are critical for continuous improvement. Tags: Monitoring, DevOps, Performance","Monitoring is crucial in DevOps for ensuring deployed software performs well and to continually improve the system based on performance data."
"Version control in DevOps allows teams to manage code changes, collaborate, and maintain a history of changes. Systems like Git enable concurrent development, merging changes, and reverting to previous states when needed. Tags: Version Control, Git, Collaboration","Version control is a key aspect of DevOps, enabling code management, team collaboration, and a historical record of project changes."
"Collaboration in DevOps culture breaks down barriers between development and operations teams, fostering teamwork and communication. This collaborative culture promotes shared responsibility and integrates work across teams for better outcomes. Tags: DevOps, Collaboration, Teamwork","In DevOps, collaboration is crucial to combine the efforts of development and operations, leading to more effective teamwork and improved outcomes."
"The core principles of DevOps are automation, continuous integration and delivery, collaboration, and fast feedback loops. These drive efficiency, reduce time-to-market, and enhance software quality. Tags: DevOps, Principles, Methodology","DevOps is built on principles like automation, continuous integration, collaboration, and quick feedback, all aiming to boost efficiency and product quality."